source,target,type,attestations,parvas,sample_1,sample_2,sample_3,approved
Arjuna,Kunti,SON_OF,9,Adi Parva; Bhishma Parva; Drona Parva; Sabha Parva; Udyoga Parva; Virata Parva,"Thus supplicated by the daughter of the Naga king, Arjuna, the son of Kunti, did everything that she desired.","And Arjuna, the son of Kunti, has left Hastinapura scattering grains of sand indicating that upon his return he will rain arrows from the might of his","Even death in battle is better than running from the battlefield."" Saying this and descending from the chariot, Arjuna, the son of Kunti, ran after th",
Bhishma,Shantanu,SON_OF,7,Adi Parva; Bhishma Parva; Sabha Parva; Udyoga Parva,"Here is Bhishma, Shantanu's son, but he has taken a vow of celibacy and will not beget children.","Bhishma, the son of Shantanu, always gives you good counsel.","Then Bhishma, the son of Shantanu, spoke giving his opinion, ""As the sun is the center of all luminescing objects, so Krishna is the center of all liv",
Arjuna,Pandu,SON_OF,4,Adi Parva; Bhishma Parva,"Although the instruction given to them was the same, still Arjuna, the third son of Pandu, excelled all students.","Arjuna, the third son of Pandu, was esteemed for his mastery of the bow and arrow.","""I am Arjuna, the son of Pandu and Kunti, Arjuna replied.",
Krishna,Krishna,SON_OF,4,Adi Parva; Sabha Parva; Udyoga Parva,"There, sitting in front of you, is Krishna, the son of Vasudeva and His very powerful brother Balarama.","Lord Krishna then approached Yudhisthira and offered His obeisances saying, ""I am Krishna, the son of Vasudeva.","Dear Lord, we now surrender unto Your lotus feet by offering our respectful obeisances unto You because You are the Supreme Lord, the Personality of G",
Abhimanyu,Draupadi,SON_OF,4,Bhishma Parva; Drona Parva; Udyoga Parva,"Arjuna's son, Abhimanyu was present, as well as the sons of Draupadi, appearing like their fathers in prowess.","On the neck of that formation was Abhimanyu, the sons of Draupadi, Ghatotkacha, Satyaki and King Yudhisthira.","They were Abhimanyu, the sons of Draupadi, Dhrishtaketu and the Kekaya brothers.",
Pandu,Dhritarashtra,SON_OF,3,Adi Parva; Udyoga Parva,"Drona taught the sons of Pandu and the sons of Dhritarastra the use of many weapons, both human and celestial.",Thus Drona continued to instruct the sons of Pandu and the sons of Dhritarastra.,"Therefore, I will fight neither for the sons of Pandu nor the sons of Dhritarastra.",
Ashvatthama,Drona,SON_OF,3,Adi Parva; Sauptika Parva; Udyoga Parva,"Here is the great bowman Ashvatthama, the son of Drona.","The mighty bowman, Ashvatthama, the son of Drona, is a maharathi.","He then pleaded with Ashvatthama, O son of Drona, kill me with a weapon so that I may attain to the regions set aside for brave heroes!",
Arjuna,Karna,KILLED,3,Karna Parva; Vana Parva,"I promise you that I will kill Drona; Shikhandi will kill Bhishma; Bhima will kill Duryodhana, and Karna will be killed by Arjuna.","When the Pandavas headed by Yudhisthira were made aware of this incident, they felt that Arjuna could now kill Karna in battle.","Yudhisthira thought that Arjuna had slain Karna and had, therefore, brought the good news.",
Satyaki,Draupadi,SON_OF,3,Bhishma Parva; Karna Parva,"The King of the Panchalas, Drupada, Dhristadyumna, Nakula and Sahadeva, Virata, Abhimanyu, Satyaki, the sons of Draupadi, Ghatotkacha, Bhima, and Kunt","Coming up to challenge the Suta's son was Dhristadyumna, Satyaki, the five sons of Draupadi, Bhima and Shikhandi.","Dhristadyumna, Satyaki, the five sons of Draupadi, Shikhandi, Uttamaujas, Yudhamanyu, Nakula and Sahadeva were all fighting against Karna.",
Parashurama,Bhishma,MENTOR_OF,2,Adi Parva,"The royal sage felt despondent for what had befallen her and told her that on the following , Parashurama, the martial teacher of Bhishma, would come ","Parashurama was the martial teacher of Bhishma, and, therefore, it was expected that Bhishma would submit to the demands of his preceptor.",,
Duryodhana,Dhritarashtra,SON_OF,2,Adi Parva; Virata Parva,"Drona then repeated the experiment with Duryodhana and the other sons of Dhritarastra, and the result was the same.","Relate to us how you encountered Kripa, Ashvatthaman and the very powerful Duryodhana, Dhritarastra's son.",,
Kripa,Saradwat,SON_OF,2,Adi Parva; Udyoga Parva,"Kripa, the son of Saradwat, who was conversant with the rules of fighting, questioned Karna, ""This Pandava, the youngest son of Kunti, belongs to the ","The mighty bowman, Kripa, the son of Saradwat is, O King, a maharathi.",,
Yudhishthira,Pandu,SON_OF,2,Adi Parva,"The House of Lac at Varanavata
 
A year after this incident, Dhritarastra decided to appoint Yudhisthira, the first son of Pandu, as the heir-apparent","Some of them said, ""Here is Yudhisthira, the first son of Pandu, conversant with all the rules of morality, and who always protects us as if we were h",,
Bhima,Rakshasa,KILLED,2,Adi Parva,Bhima will kill this Rakshasa with the greatest ease.,Bhima will certainly kill this Rakshasa and come back with his life.,,
Bhima,Pandu,SON_OF,2,Adi Parva; Sabha Parva,"The following Bhimasena, the mighty son of Pandu, loaded the cart full of vegetables and rice, and set out for the place where the Rakshasa lived.","You may note that here is the second son of King Pandu, Bhimasena, and the third son of Pandu, Arjuna.",,
Dhristadyumna,Drupada,SON_OF,2,Adi Parva; Udyoga Parva,"It was Dhristadyumna, the son of Drupada.","I am referring to Dhristadyumna, the son of Drupada.",,
Kripa,Drona,SON_OF,2,Sabha Parva; Udyoga Parva,"Why is it that Kripa and the son of Bharadvaja, Drona, do not say anything?","The assembly consisted of King Dhritarastra, Bhishma, Drona, Kripa, Drona's son, Duryodhana, Duhshasana, and the other brothers, Salya, Karna, Shakuni",,
Bhima,Jarasandha,KILLED,2,Drona Parva; Vana Parva,"Do you not remember that Bhima killed the powerful Jarasandha, who possessed the strength of ten thousand elephants?","Jarasandha was killed by Bhima, and I severed Shishupala's head in the Rajasuya sacrifice at Indraprastha.",,
Bhima,Hidimva,KILLED,2,Vana Parva,"Bhima has also killed the very powerful Hidimva and Baka, and recently he has killed the great Rakshasa Kirmira.","Bhima also killed Hidimva in the same way, and then by force he stole his sister.",,
Shikhandhi,Bhishma,KILLED,2,Drona Parva; Vana Parva,"I promise you that I will kill Drona; Shikhandi will kill Bhishma; Bhima will kill Duryodhana, and Karna will be killed by Arjuna.","Shikhandi, backed by Phalguna, has killed Bhishma.",,
Bhima,Duryodhana,KILLED,2,Karna Parva; Vana Parva,"I promise you that I will kill Drona; Shikhandi will kill Bhishma; Bhima will kill Duryodhana, and Karna will be killed by Arjuna.","I will kill him, and then, O fool, I will slay you; and Bhima will slay the wretched Duryodhana, whose evil policies have brought about the great batt",,
Bhima,Kunti,SON_OF,2,Bhishma Parva; Virata Parva,"Then, Bhima, the son of Kunti, killed Susharman's horses and dragged the wicked King from his chariot.","Bhima, the son of Kunti, was then attacked by Kritavarman and covered with arrows.",,
Arjuna,Dhritarashtra,SON_OF,2,Udyoga Parva; Virata Parva,"Stand and fight!"" Being stung by the words of Arjuna, Dhritarastra's son returned like a snake trampled under foot.",Both Arjuna and Dhritarastra's son arrived in the city of the Yadus on the same .,,
Pandavas,Kunti,SON_OF,2,Udyoga Parva,"Later in the afternoon, Krishna visited Kunti, the mother of the Pandavas.","I am Kunti, the mother of the Pandavas.",,
Karna,Radha,SON_OF,2,Udyoga Parva,"Karna is Offered Kingship of the World
 
Before leaving Hastinapura, Lord Krishna took Karna, the son of Radha, on His chariot and spoke with him conc","He said, I am Karna, the son of Radha and Adhiratha.",,
Shikhandhi,Drupada,SON_OF,2,Sauptika Parva; Udyoga Parva,"Shikhandi, the son of Drupada, is, O King, one of Yudhisthira's foremost maharathis.","Shikhandi, the son of Drupada and the slayer of Bhishma, then struck Ashvatthama in the forehead with a golden shafted arrow.",,
Srutakirti,Arjuna,SON_OF,2,Bhishma Parva; Sauptika Parva,"Srutakirti, the son of Arjuna, attacked Jayatsena with the intention of killing him.","Srutakirti, the son of Arjuna, then showered arrows upon the sinful son of Drona.",,
Duryodhana,Drona,SON_OF,2,Drona Parva; Shalya Parva,"One of noble character like yourself is always truthful to his vow in all circumstances.""
Thus chided by Duryodhana, Bharadvaja's son felt greatly ash","There is no doubt of this.""
While this conversation was going on, some hunters, who favored the Pandavas, heard the conversation between Duryodhana an",,
Lakshman,Duryodhana,SON_OF,2,Drona Parva,"However, they were all beaten back, and the only one left to challenge Abhimanyu was Lakshman, Duryodhana's son.","He killed King Brihadvala as well as Lakshman, the son of Duryodhana.",,
Bhima,Karna,KILLED,2,Drona Parva,"Dhritarastra inquired: O Sanjaya, Once before Karna had been defeated by Bhimasena.",That great adhiratha Bhima had now defeated Karna for the third time.,,
Satyaki,Bhurishravas,KILLED,2,Drona Parva; Sauptika Parva,It has been decided by higher authorities that Bhurishravas be slain by Satyaki.,Bhurishravas was also slain by Satyaki by unfair means.,,
Samba,Jambavati,SON_OF,2,Mahaprasthanika Parva; Mausala Parva,"While in that holy place, the princes of the Yadu dynasty had Samba, the son of Jambavati, dress up in a woman's garb.","Are all the chieftain sons of Lord Krishna, such as Susena, Carudeshna, Samba the son of Jambavati, and Rishabha, along with their sons, all doing wel",,
Maharaja Shantanu,Pratipa,SON_OF,1,Adi Parva,"Maharaja Shantanu Marries the Celestial Ganga
 
According to the historical records of this earth, there once lived a King named Maharaja Shantanu, th",,,
Chaitanya Mahaprabhu,Prakashananda Saraswati,KILLED,1,Adi Parva,"When Chaitanya Mahaprabhu defeated Prakashananda Saraswati, a mayavadi sannyasin, in debate, he did so on the basis of Shrimad Bhagavatam.",,,
Parashurama,Kartavirya Arjuna,KILLED,1,Adi Parva,"In a former millennium, Parashurama, killed Kartavirya Arjuna in battle for the sin of slaying his father.",,,
Gandhari,Gandhara King,DAUGHTER_OF,1,Adi Parva,"They were Gandhari, the daughter of the Gandhara King, Pritha, the daughter of King Surasena, and Madri, the daughter of the King of Madras.",,,
Kunti,King Surasena,DAUGHTER_OF,1,Adi Parva,"They were Gandhari, the daughter of the Gandhara King, Pritha, the daughter of King Surasena, and Madri, the daughter of the King of Madras.",,,
Madri,King,DAUGHTER_OF,1,Adi Parva,"They were Gandhari, the daughter of the Gandhara King, Pritha, the daughter of King Surasena, and Madri, the daughter of the King of Madras.",,,
Gandhari,King Subala,DAUGHTER_OF,1,Adi Parva,"Bhishma had heard that Gandhari, the daughter of King Subala, was granted a benediction by Lord Shiva that she could have one hundred sons.",,,
Shakuni,Subala,SON_OF,1,Adi Parva,"Shakuni, the son of Subala, then took Gandhari to the city of the Kurus, Hastinapura, and formally handed her over to Dhritarastra.",,,
Madri,Shalya,SIBLING_OF,1,Adi Parva,"There he obtained Madri, the attractive sister of Salya, and, after receiving a sufficient dowry, brought her back to Hastinapura where she was united",,,
Madri,Madras King,DAUGHTER_OF,1,Adi Parva,"After the birth of Kunti's first three sons and also the birth of one hundred sons to Gandhari, Madri, the daughter of the Madras King, approached Pan",,,
Sahadeva,Dhritarashtra,SON_OF,1,Adi Parva,"After Yudhisthira, Arjuna, Nakula, Sahadeva and Dhritarastra's sons were satiated in their swimming play, they set out for Hastinapura anticipating th",,,
Karna,Kunti,SON_OF,1,Adi Parva,"He was actually Karna, Kunti's first born son.",,,
This Pandava,Kunti,SON_OF,1,Adi Parva,"Kripa, the son of Saradwat, who was conversant with the rules of fighting, questioned Karna, ""This Pandava, the youngest son of Kunti, belongs to the ",,,
Karna,Adhiratha,SON_OF,1,Adi Parva,"At that time Adhiratha, the foster father of Karna, entered the arena.",,,
Balarama,Personality,SIBLING_OF,1,Adi Parva,"The second son of Pandu, Bhimasena, began to receive instructions from Balarama, the brother of the Personality of Godhead, Lord Krishna.",,,
Yudhishthira,Kunti,SON_OF,1,Adi Parva,"Beholding Purochana in a happy mood, Yudhisthira, the pious son of Kunti, spoke to his brothers, ""The cruel-hearted Purochana has been well deceived.",,,
Queen Kunti,Pandu,MARRIED_TO,1,Adi Parva,"Did Queen Kunti, the wife of the great Pandu and the daughter of King Surasena, deserve to lie on the bare ground?",,,
Pandu,King Surasena,DAUGHTER_OF,1,Adi Parva,"Did Queen Kunti, the wife of the great Pandu and the daughter of King Surasena, deserve to lie on the bare ground?",,,
Yudhishthira,Yamaraja,SON_OF,1,Adi Parva,"Yudhisthira, the son of Yamaraja, was lying on the bare ground.",,,
Pandavas,King Drupada,KILLED,1,Adi Parva,"He informed them, ""After the great King Drupada was defeated in battle by the Pandavas, that pious monarch wandered among the ashramas of brahmanas we",,,
Vyasa,Satyavati,SON_OF,1,Adi Parva,"While they were in the midst of their preparations, Vyasa, the son of Satyavati, arrived at the brahmana's house.",,,
Dhaumya,Devala,SIBLING_OF,1,Adi Parva,"Dhaumya, the younger brother of Devala, is engaged in penances and austerities.",,,
Shakuni,Gandhara King,SON_OF,1,Adi Parva,"Here is Shakuni, the son of the Gandhara King.",,,
Shishupala,Damaghosa,SON_OF,1,Adi Parva,"Shishupala, the son of Damaghosa, was able to string the bow, but missed the target by the width of a sesame seed.",,,
Satya,King Nagnajit,DAUGHTER_OF,1,Adi Parva,"Krishna married the beautiful Satya, the daughter of King Nagnajit, in the same style when He had to wrestle with seven bulls and defeat them.",,,
Kunti,Madri,SON_OF,1,Adi Parva,"The sinister Duryodhana then revealed his thoughts, ""Let us, O Father, by some means produce dissension between the sons of Kunti and the sons of Madr",,,
King Dhritarastra,Shantanu,SON_OF,1,Adi Parva,"After they had rested for some time, they were called to the court by King Dhritarastra and Shantanu's son, Bhishma.",,,
Ulupi,King,DAUGHTER_OF,1,Adi Parva,"Actually it was Ulupi, the daughter of the King of the snakes.",,,
Subhadra,Krishna,SIBLING_OF,1,Adi Parva,"Then tell her that you are Subhadra, the sister of Krishna.",,,
Lord Ramachandra,King Dasaratha,SON_OF,1,Adi Parva,"It was known that King Dasaratha, the father of Lord Ramachandra, had 350 wives, but one cannot say that he was a lusty person.",,,
Harischandra,Trishanku,SON_OF,1,Sabha Parva,"The great Harischandra was the son of Trishanku, the favorite of the sage Visvamitra.",,,
Maharaja Yudhisthira,Aunt Kunti,SON_OF,1,Sabha Parva,"""Nonetheless, O Supreme Truth, who plays the part of a human being, I shall relate to You what Your devotee Maharaja Yudhisthira, the son of Your Aunt",,,
Godhead,Devaki,SON_OF,1,Sabha Parva,"The almighty personality of Godhead, the son of Devaki, begged His superiors for permission to leave.",,,
Bhima,Wind God,SON_OF,1,Sabha Parva,"Even Bhima, the son of the Wind God, Vayu, had a difficult time killing Jarasandha.",,,
Sahadeva,King Jarasandha,SON_OF,1,Sabha Parva,"Lord Krishna requested Sahadeva, the son of King Jarasandha, to supply all necessities to the kings and also asked him to show them all respect and ho",,,
Sahadeva,Jarasandha,SON_OF,1,Sabha Parva,"After thus causing the annihilation of Jarasandha by Bhimasena and after being properly honored by Sahadeva, the son of Jarasandha, Lord Krishna, acco",,,
Bhima,Rochamana,KILLED,1,Sabha Parva,"Bhima then defeated Rochamana, the king of Aswamedha.",,,
Janaka,Jarasandha,SON_OF,1,Sabha Parva,"He defeated Janaka, the king of the Videhas, then the Kiratas, then the son of Jarasandha, Sahadeva.",,,
Vibhishana,Ravana,SIBLING_OF,1,Sabha Parva,"He even exacted tribute from Vibhishana, the brother of Ravana and ruler of Lanka.",,,
Nakula,Pandu,SON_OF,1,Sabha Parva,"Nakula, the heroic son of Pandu, went toward the east and collected tribute from those monarches who accepted King Yudhisthira's rule.",,,
Bhishma,Ganga,SON_OF,1,Sabha Parva,"Bhishma, the son of Ganga, obviously, possesses little knowledge.",,,
Krishna,Shishupala,KILLED,1,Sabha Parva,Did you see how Shishupala was killed by Krishna?,,,
Bhurishravas,Dhritarashtra,SON_OF,1,Sabha Parva,"This plan we present before you, O King.""
Dhritarastra, under the influence of all-devouring time, agreed with their proposal, and said, ""Call back th",,,
Dhritarashtra,Krishna Dvaipayana Vyasa,SON_OF,1,Vana Parva,"While these unprincipled men were conniving to kill the Pandavas, the great sage Krishna Dvaipayana Vyasa, the father of Dhritarastra, came to the pal",,,
Bhima,Kirmira,KILLED,1,Vana Parva,"Maitreya finally relented, ""If Duryodhana makes peace with the Pandavas, my curse will not take effect; otherwise, it will act just as I have said.""
T",,,
Bhima,Rakshasa Kirmira,KILLED,1,Vana Parva,"He then inquired from Vidura, ""O Vidura, I want to hear how the Rakshasa Kirmira, who had no equal, was slain by Bhima.""
""Listen, O King,"" Vidura repl",,,
King Yudhisthira,Pandu,SON_OF,1,Vana Parva,"Who are you, and for what reason have you come to the Kamyaka forest?' Yudhisthira then informed the man eater, 'I am King Yudhisthira, the son of Pan",,,
Parasurama,Jamadagni,SON_OF,1,Vana Parva,"The great sage Jamadagni, the father of Parasurama, has said that You are Vishnu, the Lord of all created beings, both human and celestial.",,,
Pradyumna,Rukmini,SON_OF,1,Vana Parva,"Pradyumna, the mighty son of Rukmini, fixed to his bow an arrow effulgent as the sun and empowering it with the force of a thunderbolt released it at ",,,
Indra,Vritrasura,KILLED,1,Vana Parva,"Shalva was thus killed in the same way as Vritrasura was killed by Indra, the King of heaven.""
After relating to the Pandavas Shalva's death and the a",,,
Sachi,Indra,MARRIED_TO,1,Vana Parva,"Even as my mother, Kunti, or Sachi, the wife of Indra, are to be worshiped, so are you to be worshiped.",,,
Dhritarashtra,Vyasa,SON_OF,1,Vana Parva,"7.23) ""Whatever a man may sacrifice to other gods, O son o
 

Bhima Meets Hanuman and Kills Jatasura
 
It then happened that Vyasa, the father of Dhri",,,
Krishna,Madri,SON_OF,1,Vana Parva,"When Baladeva, Krishna, Arjuna, Pradyumna, Samba, Yuyudhana, Bhima, the sons of Madri, the Kekaya princes, and the Panchala princes bring their wrath ",,,
Return,Kunti,SON_OF,1,Vana Parva,"The Return of Arjuna and the Evil Plan of Duryodhana
 
After Jatasura had been slain, the royal son of Kunti, Yudhisthira returned to Badrikashrama.",,,
Gandhamadana,Pandu,SON_OF,1,Vana Parva,"Not far from Gandhamadana, Pandu's son beheld the sacred slopes of Himavan, covered with various trees and creepers.",,,
Vikarna,Dhritarashtra,SON_OF,1,Vana Parva,"King Duryodhana, Shakuni, Duhshasana, Vikarna and the other sons of Dhritarastra appeared on their chariots and began driving the Gandharvas from the ",,,
Arjuna,Madri,SON_OF,1,Vana Parva,"Let us take up our weapons and attack the Gandharvas.""
Hearing Yudhisthira's inspiring words, Arjuna and the sons of Madri pledged protection, and eve",,,
Sudeshna,King,MARRIED_TO,1,Virata Parva,"I shall serve Sudeshna, the King's favorite wife, and thus I shall pass my s in concealment.""
""Let those who are with us,"" Yudhisthira ordered, ""the b",,,
Satyabhama,Draupadi,MARRIED_TO,1,Virata Parva,"Please tell me where you have come from.""
""I tell you truthfully that I am a maidservant,"" Draupadi replied, ""Formerly I served Krishna's favorite que",,,
Uttara,King,SON_OF,1,Virata Parva,"The one running away is Uttara, the King's son.",,,
Arjuna,Nivatakavachas,KILLED,1,Virata Parva,Do you not remember that Arjuna alone killed the Nivatakavachas which were incapable of being slain by the demigods.,,,
Sangramajit,Karna,SIBLING_OF,1,Virata Parva,"The next warrior to approach Arjuna was Sangramajit, the brother of Karna.",,,
Virata,Trigartas,KILLED,1,Virata Parva,"The Pandavas Reveal Their Disguise
 
When Virata had defeated the Trigartas, he entered his city accompanied by four of the Pandavas.",,,
Kritavarman,Kritavarman,SON_OF,1,Udyoga Parva,"They were King Bhagadatta, Bhurisravas, King Salya of Madras, Kritavarman, the son of Hridika, accompanied by the Bhojas and the Andakas.",,,
Nakula,Draupadi,SON_OF,1,Udyoga Parva,"Nakula and Sahadeva, as well as Draupadi's five sons, will walk behind you.",,,
Lord Balarama,Lord Krishna,SIBLING_OF,1,Udyoga Parva,"Knowing that a great slaughter of men was about to take place, Lord Balarama, the elder brother of Lord Krishna, came there along with Akrura, Gada, S",,,
Drona,Rukmi,MENTOR_OF,1,Udyoga Parva,"Rukmi was the student of Drona, and the ruler of the whole southern country.",,,
Uluka,Shakuni,SON_OF,1,Udyoga Parva,"At this time Duryodhana called for Uluka, the son of Shakuni, and ordered him to deliver messages to the Pandavas.",,,
Bhurisravas,Somadatta,SON_OF,1,Udyoga Parva,"The mighty bowman, Bhurisravas, the son of Somadatta, is a maharathi, and he will certainly create havoc amongst the enemy troops.",,,
Vrishasena,Karna,SON_OF,1,Udyoga Parva,"Vrishasena, the son of Karna, is one of the celebrated chariot warriors.",,,
Karna,Surya,SON_OF,1,Udyoga Parva,"Regarding your dear friend, Karna, Surya's son, who is proud of his skill and who is devoid of any good sense, in my judgement he is neither a rathi o",,,
King,Pandu,SON_OF,1,Udyoga Parva,"The King himself, the son of Pandu and Kunti, is a mighty rathi.",,,
Chedis,Shishupala,SON_OF,1,Udyoga Parva,"Dhristaketu, the heroic leader of the Chedis, the son of Shishupala, is a maharathi.",,,
Amba,King,DAUGHTER_OF,1,Udyoga Parva,"Formerly she was Amba, the daughter of the King of Kashi.",,,
Vyasadeva,Satyavati,SON_OF,1,Bhishma Parva,"Upon seeing those vast armies ready for combat, Vyasadeva, the son of Satyavati, went to see his son, Dhritarastra, in Hastinapura.",,,
Uttamauja,Subhadra,SON_OF,1,Bhishma Parva,"There are the mighty Yudhamanyu, the very powerful Uttamauja, the son of Subhadra and the sons of Draupadi.",,,
Vikarna,Somadatta,SON_OF,1,Bhishma Parva,"There are personalities like you, Bhisma, Karna, Krpa, Asvatthama, Vikarna and the son of Somadatta called Bhurisrava, who are always victorious in ba",,,
King Yudhisthira,Kunti,SON_OF,1,Bhishma Parva,"King Yudhisthira, the son of Kunti, blew his conchshell, the Ananta-vijaya, and Nakula and Sahadeva blew the Sughosa and Manipuspaka.",,,
You?o,Kunti,SON_OF,1,Bhishma Parva,"What could be more painful for you?O son of Kunti, either you will be killed on the battlefield and attain the heavenly planets, or you will conquer a",,,
Supreme,Pandu,SON_OF,1,Bhishma Parva,"What is called renunciation you should know to be the same as yoga, or linking oneself with the Supreme, O son of Pandu, for one can never become a yo",,,
Arjuna,Prtha,SON_OF,1,Bhishma Parva,"The Supreme Personality of Godhead said: My dear Arjuna, O son of Prtha, see now My opulences, hundreds of thousands of varied divine and multicolored",,,
Fight,Kunti,SON_OF,1,Bhishma Parva,"Fight, O son of Kunti.",,,
Bhishma,Sweta,KILLED,1,Bhishma Parva,"Sahadeva countered and killed Durmukha's chario Bhishma Parva
 

The Second at Kurukshetra; Bhima and Arjuna Devastate the Kaurava Army
 
Dhritarastra",,,
Drona,Drupada,SON_OF,1,Bhishma Parva,"There was fierce fighting between Drona and the son of Drupada, Dhristadyumna.",,,
Bhima,Srutayush,KILLED,1,Bhishma Parva,"With seven iron arrows Bhima killed Srutayush, the King of the Kalingas.",,,
King Yudhisthira,Draupadi,SON_OF,1,Bhishma Parva,"Next to these great warriors was the pious King Yudhisthira as well as the five sons of Draupadi and the son of Arjuna, Iravan.",,,
Draupadi,Arjuna,SON_OF,1,Bhishma Parva,"Next to these great warriors was the pious King Yudhisthira as well as the five sons of Draupadi and the son of Arjuna, Iravan.",,,
Drona,Dhritarashtra,SON_OF,1,Bhishma Parva,"I, personally, will throw Bhishma down from his chariot, and then slay Drona and the sons of Dhritarastra.",,,
Chitrasena,Sala,SON_OF,1,Bhishma Parva,"Meanwhile Ashvatthama, Bhurishrava, Chitrasena, and the son of Sala all attacked Abhimanyu, the son of Subhadra.",,,
Abhimanyu,Subhadra,SON_OF,1,Bhishma Parva,"Meanwhile Ashvatthama, Bhurishrava, Chitrasena, and the son of Sala all attacked Abhimanyu, the son of Subhadra.",,,
Lakshmana,Duryodhana,SON_OF,1,Bhishma Parva,"Coming up to challenge him was Lakshmana, Duryodhana's son.",,,
Subhadra,Draupadi,SON_OF,1,Bhishma Parva,"Coming to protect Bhima were the son of Subhadra, the sons of Draupadi and Dhrishtaketu.",,,
Sutasoma,Bhima,SON_OF,1,Bhishma Parva,"Sutasoma, the son of Bhima, took Srutakarman onto his chariot, and together they attacked the enemy forces.",,,
Countering,Bhima,SON_OF,1,Bhishma Parva,"Countering, the son of Bhima released a powerful dart that scorched through the sky.",,,
Bhima,Vahvasin,KILLED,1,Bhishma Parva,With another arrow Bhima then killed Vahvasin.,,,
Arjuna,Draupadi,SON_OF,1,Bhishma Parva,"Arjuna, the sons of Draupadi and Chekitana all engaged the Kaurava army headed by Duryodhana.",,,
Bhima,Draupadi,SON_OF,1,Bhishma Parva,"Seeing him coming, Bhima, Abhimanyu, Ghatotkacha, the sons of Draupadi, Satyadriti, Kshatradeva and Vasudhama prepared themselves for battle.",,,
Arjuna,Indra,KILLED,1,Bhishma Parva,Do you not remember when Arjuna defeated Indra in the battle for the Khandava forest?,,,
King Yudhisthira,Madri,SON_OF,1,Bhishma Parva,King Yudhisthira and Bhimasena as well as the twin sons of Madri stood in the forefront of their great divisions ready for combat.,,,
Abhimanyu,Kripa,KILLED,1,Bhishma Parva,"Abhimanyu defeated Kripa, Drona, Ashvatthama and Jayadratha, and sent them reeling from the front lines.",,,
Satanika,Virata,SIBLING_OF,1,Bhishma Parva,"Having thinned the ranks of the Pandava army, Bhishma then killed Satanika, the brother of Virata.",,,
Bhishma,Satanika,KILLED,1,Bhishma Parva,"Having thinned the ranks of the Pandava army, Bhishma then killed Satanika, the brother of Virata.",,,
Pandavas,Drupada,SON_OF,1,Drona Parva,"However, I will not be able to kill the Pandavas or Drupada's son, Dhristadyumna, for he is born to slay me.""
After agreeing to take command of the hu",,,
Jayadratha,Arjuna,SON_OF,1,Drona Parva,There then ensued a battle between Jayadratha and the son of Arjuna that was fierce and wonderful.,,,
Krishna,Kamsa,KILLED,1,Drona Parva,"And also Kamsa, who was protected by Jarasandha, was slain by Krishna with His bare hands.",,,
Drona,Vrika,KILLED,1,Drona Parva,"With a broad headed shaft, Drona killed Vrika, and with a crescent shaped arrow, he severed Satyajit's head.",,,
Bhagadatta,Dasarna King,KILLED,1,Drona Parva,"Then Bhagadatta, with seven lances, killed the Dasarna King as he fell with his elephant.",,,
Lord Shiva,Jamadagni,SON_OF,1,Drona Parva,"In the front line of the battle, the powerful Lord Shiva, the son of Jamadagni, Parashurama, and the second son of Kunti, Bhima are spoken of as equal",,,
Lord Shiva,Kunti,SON_OF,1,Drona Parva,"In the front line of the battle, the powerful Lord Shiva, the son of Jamadagni, Parashurama, and the second son of Kunti, Bhima are spoken of as equal",,,
Abhimanyu,Shakuni,KILLED,1,Drona Parva,"When Shakuni had been defeated by Abhimanyu, he went to Duryodhana with an evil plan, ""In single combat there is none of us that can kill him.",,,
Kauravas,Abhimanyu,KILLED,1,Drona Parva,"When there was complete silence, King Yudhisthira explained how the Kauravas unfairly killed Abhimanyu, ""O might armed hero, after you had encountered",,,
Srutayudha,Varuna,SON_OF,1,Drona Parva,The heroic Srutayudha was the son of Varuna and his mother was the river Parnasa.,,,
Durmuka,Dhritarashtra,SON_OF,1,Drona Parva,"Sahadeva was engaged in combat with Durmuka, the son of Dhritarastra.",,,
Sahadeva,Niramitra,KILLED,1,Drona Parva,"However, Sahadeva killed Niramitra with a broad headed shaft.",,,
Pandavas,Draupadi,SON_OF,1,Drona Parva,"Then the Pandavas, the sons of Draupadi and Ghatotkacha all rushed at Alambusha releasing their powerful weapons.",,,
Dhristaketu,Shisupala,SON_OF,1,Drona Parva,"Upon the death of the Vrihatkshatra, Dhristaketu, the son of Shisupala, came forward to fight with Drona.",,,
Lord Krishna,Shisupala,KILLED,1,Drona Parva,"After the Rajasuya sacrifice, when Shisupala had been killed by Lord Krishna, Dhristaketu was enthroned as King, and he became a subordinate ruler to ",,,
Drona,Jarasandha,SON_OF,1,Drona Parva,"There then came to fight with Drona the son of Jarasandha, Sahadeva.",,,
Bhurishravas,Satyaki,KILLED,1,Drona Parva,"Seeing this Lord Krishna said to Arjuna, ""O Arjuna, behold, Bhurishravas has defeated Satyaki.",,,
Satyaki,Drona,KILLED,1,Drona Parva,"Dhritarastra inquired: Satyaki had defeated Drona, Karna and Kritavarman in battle.",,,
Satyaki,Ashvatthama,KILLED,1,Drona Parva,"Satyaki quickly defeated Ashvatthama, Salya and Vrishasena, but refrained from killing Duryodhana's brothers remembering Bhima's vow.",,,
Satyaki,Jalasandha,KILLED,1,Drona Parva,The mighty bowman Jalasandha has been killed by Satyaki.,,,
Bahlika,Pratipa,SON_OF,1,Drona Parva,"Beholding his son fallen in battle, Bahlika, the son of Pratipa and brother of Maharaja Shantanu, challenged Satyaki releasing his mighty weapons.",,,
Bhima,Vikata,KILLED,1,Karna Parva,"With his forceful arrows Bhima then killed Vikata and Saha, who fell to the ground like a couple of trees uprooted by the wind.",,,
Bhima,Krata,KILLED,1,Karna Parva,"Bhima then killed Krata, Nanda and Upananda.",,,
Arjuna,Radha,SON_OF,1,Karna Parva,"Now, O Suta, please tell me what happened between the two foremost chariot fighters, the son of Kunti, Arjuna and the son of Radha, Karna.",,,
Arjuna,Surya,SON_OF,1,Karna Parva,"Tell me in detail what happened in the encounter between the son of Indra, Arjuna, and the son of Surya, Karna.",,,
Chitrasena,Karna,SIBLING_OF,1,Karna Parva,"Chitrasena, a brother of Karna, fled from the scene speaking harshly of Bhima.",,,
Behold,Pandu,SON_OF,1,Karna Parva,"Upon seeing Karna rushing with great speed toward the chariot, Lord Krishna encouraged Arjuna, ""Behold, O son of Pandu, the furious Karna rushing towa",,,
Deceitful shakuni,Yudhishthira,KILLED,1,Karna Parva,"When Yudhisthira was defeated unfairly at dice by the deceitful Shakuni, why didn't virtue enter your mind then?",,,
Susena,Karna,SON_OF,1,Shalya Parva,"Nakula encountered Susena and Satyasena, the sons of Karna.",,,
Lord,Hiranyakashipu,KILLED,1,Shalya Parva,The great demon Hiranyakashipu was finally defeated by the Lord Himself when He assumed the form of Lord Nrisimhadeva.,,,
Kshatriya code,Drona,SON_OF,1,Sauptika Parva,"Hearing this advice, which was according to the kshatriya code, the son of Drona became angry.",,,
Bhima,King,KILLED,1,Sauptika Parva,"Finally, the King has been killed by Bhima with a mace aimed at the thighs.",,,
Satanika,Nakula,SON_OF,1,Sauptika Parva,"The valiant Satanika, the son of Nakula, took up a chariot wheel and struck Drona's son.",,,
Prishnigarbha,Prishni,SON_OF,1,Anushasana Parva,"Previously You have taken Your birth as Prishnigarbha, the son of Prishni and Sutapa.",,,
King Yudhisthira,Demigod,SON_OF,1,Anushasana Parva,"It is irreversible-otherwise, how can there be reverses in the presence of King Yudhisthira, the son of the demigod controlling religion; Bhima, the g",,,
Arjuna,Bhagadatta,SON_OF,1,Ashvamedhika Parva,The Battle between the mighty armed Arjuna and the son of Bhagadatta waged on for three s.,,,
Maharaja Yudhisthira,Kauravas,MARRIED_TO,1,Ashramavasika Parva,"When Vidura returned to his brother's palace, all the inhabitants such as Maharaja Yudhisthira, Bhima, Arjuna, Nakula, Sahadeva, Dhritarastra, Satyaki",,,
Lord Krishna,Krishna,SON_OF,1,Mausala Parva,"The sages duly executed these rituals in the home of the chief Yadu, Vasudeva, the father of Lord Krishna.",,,
Satyabhama,Satrajit,SON_OF,1,Mausala Parva,"Then Satyaki reminded Lord Krishna that Kritavarman had taken part in the assassination plot of Satrajit, the father of Satyabhama.",,,
Lord Baladeva,Rohini,SON_OF,1,Mausala Parva,"Let us leave this area and follow the path of Lord Balarama.""
Then Lord Krishna, Babhru, and Daruka began to search for Lord Baladeva, the son of Rohi",,,
Vajra,Aniruddha,SON_OF,1,Mahaprasthanika Parva,"Then he posted Vajra, the son of Aniruddha, at Mathura as the King of Surasena.",,,
